[
    {
        "key": "group_636929d457de5",
        "title": "Avaleht",
        "fields": [
            {
                "key": "field_636b796638849",
                "label": "Lehe Pealkiri",
                "name": "lehe_pealkiri",
                "aria-label": "",
                "type": "text",
                "instructions": "Kirjuta siia Esilehe pealkiri",
                "required": 1,
                "conditional_logic": 0,
                "wrapper": {
                    "width": "",
                    "class": "",
                    "id": ""
                },
                "default_value": "",
                "placeholder": "Pealkiri",
                "prepend": "",
                "append": "",
                "maxlength": ""
            },
            {
                "key": "field_636d27a89529d",
                "label": "Hüüd lause 1",
                "name": "huud_lause_1",
                "aria-label": "",
                "type": "text",
                "instructions": "Ikomixi hüüdlaused",
                "required": 0,
                "conditional_logic": 0,
                "wrapper": {
                    "width": "",
                    "class": "",
                    "id": ""
                },
                "default_value": "",
                "placeholder": "Laused",
                "prepend": "",
                "append": "",
                "maxlength": ""
            },
            {
                "key": "field_636d29916bdcd",
                "label": "Hüüd lause 2",
                "name": "huud_lause_2",
                "aria-label": "",
                "type": "text",
                "instructions": "Ikomixi hüüdlaused",
                "required": 0,
                "conditional_logic": 0,
                "wrapper": {
                    "width": "",
                    "class": "",
                    "id": ""
                },
                "default_value": "",
                "placeholder": "Laused",
                "prepend": "",
                "append": "",
                "maxlength": ""
            },
            {
                "key": "field_636d29ad5374f",
                "label": "Hüüd lause 3",
                "name": "huud_lause_3",
                "aria-label": "",
                "type": "text",
                "instructions": "Ikomixi hüüdlaused",
                "required": 0,
                "conditional_logic": 0,
                "wrapper": {
                    "width": "",
                    "class": "",
                    "id": ""
                },
                "default_value": "",
                "placeholder": "Laused",
                "prepend": "",
                "append": "",
                "maxlength": ""
            },
            {
                "key": "field_636b83c84c816",
                "label": "Firma kirjelduse pealkiri",
                "name": "firma_kirjelduse_pealkiri",
                "aria-label": "",
                "type": "text",
                "instructions": "Siia läheb Firma kirjelduse pealkiri. Näiteks \"Meist\"",
                "required": 1,
                "conditional_logic": 0,
                "wrapper": {
                    "width": "",
                    "class": "",
                    "id": ""
                },
                "default_value": "",
                "placeholder": "",
                "prepend": "",
                "append": "",
                "maxlength": ""
            },
            {
                "key": "field_636b828d551c9",
                "label": "Firma kirjeldus",
                "name": "firma_kirjeldus",
                "aria-label": "",
                "type": "wysiwyg",
                "instructions": "Meist jutt",
                "required": 1,
                "conditional_logic": 0,
                "wrapper": {
                    "width": "",
                    "class": "",
                    "id": ""
                },
                "default_value": "",
                "tabs": "all",
                "toolbar": "full",
                "media_upload": 1,
                "delay": 0
            },
            {
                "key": "field_636929fe2beff",
                "label": "Pilt-1",
                "name": "pilt-1",
                "aria-label": "",
                "type": "image",
                "instructions": "Siin saab pilti vahetada",
                "required": 1,
                "conditional_logic": 0,
                "wrapper": {
                    "width": "",
                    "class": "",
                    "id": ""
                },
                "return_format": "url",
                "preview_size": "medium",
                "library": "all",
                "min_width": "",
                "min_height": "",
                "min_size": "",
                "max_width": "",
                "max_height": "",
                "max_size": "",
                "mime_types": ""
            },
            {
                "key": "field_63692a992bf01",
                "label": "Pilt-1-pealkiri",
                "name": "pilt-1-pealkiri",
                "aria-label": "",
                "type": "text",
                "instructions": "Siia kirjuta pildi pealkiri",
                "required": 1,
                "conditional_logic": 0,
                "wrapper": {
                    "width": "",
                    "class": "",
                    "id": ""
                },
                "default_value": "",
                "placeholder": "Pealkiri",
                "prepend": "",
                "append": "",
                "maxlength": ""
            },
            {
                "key": "field_63692ebb97684",
                "label": "Pilt-1-kirjeldus",
                "name": "pilt-1-kirjeldus",
                "aria-label": "",
                "type": "textarea",
                "instructions": "Kirjeldus",
                "required": 0,
                "conditional_logic": 0,
                "wrapper": {
                    "width": "",
                    "class": "",
                    "id": ""
                },
                "default_value": "",
                "placeholder": "",
                "maxlength": "",
                "rows": "",
                "new_lines": ""
            },
            {
                "key": "field_636935a68febf",
                "label": "Pilt-2",
                "name": "pilt-2",
                "aria-label": "",
                "type": "image",
                "instructions": "",
                "required": 0,
                "conditional_logic": 0,
                "wrapper": {
                    "width": "",
                    "class": "",
                    "id": ""
                },
                "return_format": "url",
                "preview_size": "medium",
                "library": "all",
                "min_width": "",
                "min_height": "",
                "min_size": "",
                "max_width": "",
                "max_height": "",
                "max_size": "",
                "mime_types": ""
            },
            {
                "key": "field_636935d608bf2",
                "label": "Pilt-2-pealkiri",
                "name": "pilt-2-pealkiri",
                "aria-label": "",
                "type": "text",
                "instructions": "Pealkiri",
                "required": 0,
                "conditional_logic": 0,
                "wrapper": {
                    "width": "",
                    "class": "",
                    "id": ""
                },
                "default_value": "",
                "placeholder": "Pealkiri",
                "prepend": "",
                "append": "",
                "maxlength": ""
            },
            {
                "key": "field_636938c768106",
                "label": "Pilt-2-kirjeldus",
                "name": "pilt-2-kirjeldus_",
                "aria-label": "",
                "type": "textarea",
                "instructions": "Kirjeldus",
                "required": 0,
                "conditional_logic": 0,
                "wrapper": {
                    "width": "",
                    "class": "",
                    "id": ""
                },
                "default_value": "",
                "placeholder": "",
                "maxlength": "",
                "rows": "",
                "new_lines": ""
            },
            {
                "key": "field_6369379b562e4",
                "label": "Pilt-3",
                "name": "pilt-3",
                "aria-label": "",
                "type": "image",
                "instructions": "",
                "required": 0,
                "conditional_logic": 0,
                "wrapper": {
                    "width": "",
                    "class": "",
                    "id": ""
                },
                "return_format": "url",
                "preview_size": "medium",
                "library": "all",
                "min_width": "",
                "min_height": "",
                "min_size": "",
                "max_width": "",
                "max_height": "",
                "max_size": "",
                "mime_types": ""
            },
            {
                "key": "field_636937bb8e547",
                "label": "Pilt-3-pealkiri",
                "name": "pilt-3-pealkiri",
                "aria-label": "",
                "type": "text",
                "instructions": "Pealkiri",
                "required": 0,
                "conditional_logic": 0,
                "wrapper": {
                    "width": "",
                    "class": "",
                    "id": ""
                },
                "default_value": "",
                "placeholder": "Pealkiri",
                "prepend": "",
                "append": "",
                "maxlength": ""
            },
            {
                "key": "field_636935f908bf3",
                "label": "Pilt-3-kirjeldus",
                "name": "pilt-3-kirjeldus",
                "aria-label": "",
                "type": "textarea",
                "instructions": "Kirjeldus",
                "required": 0,
                "conditional_logic": 0,
                "wrapper": {
                    "width": "",
                    "class": "",
                    "id": ""
                },
                "default_value": "",
                "placeholder": "",
                "maxlength": "",
                "rows": "",
                "new_lines": ""
            },
            {
                "key": "field_636938253d1bc",
                "label": "Pilt-4",
                "name": "pilt-4",
                "aria-label": "",
                "type": "image",
                "instructions": "",
                "required": 0,
                "conditional_logic": 0,
                "wrapper": {
                    "width": "",
                    "class": "",
                    "id": ""
                },
                "return_format": "url",
                "preview_size": "medium",
                "library": "all",
                "min_width": "",
                "min_height": "",
                "min_size": "",
                "max_width": "",
                "max_height": "",
                "max_size": "",
                "mime_types": ""
            },
            {
                "key": "field_6369383e4d405",
                "label": "Pilt-4-pealkiri",
                "name": "pilt-4-pealkiri",
                "aria-label": "",
                "type": "text",
                "instructions": "Pealkiri",
                "required": 0,
                "conditional_logic": 0,
                "wrapper": {
                    "width": "",
                    "class": "",
                    "id": ""
                },
                "default_value": "",
                "placeholder": "Pealkiri",
                "prepend": "",
                "append": "",
                "maxlength": ""
            },
            {
                "key": "field_636938e86e3a8",
                "label": "Pilt-4-kirjeldus",
                "name": "pilt-4-kirjeldus",
                "aria-label": "",
                "type": "textarea",
                "instructions": "Kirjeldus",
                "required": 0,
                "conditional_logic": 0,
                "wrapper": {
                    "width": "",
                    "class": "",
                    "id": ""
                },
                "default_value": "",
                "placeholder": "",
                "maxlength": "",
                "rows": "",
                "new_lines": ""
            },
            {
                "key": "field_6369385ecb2de",
                "label": "Pilt-5",
                "name": "pilt-5",
                "aria-label": "",
                "type": "image",
                "instructions": "",
                "required": 0,
                "conditional_logic": 0,
                "wrapper": {
                    "width": "",
                    "class": "",
                    "id": ""
                },
                "return_format": "url",
                "preview_size": "medium",
                "library": "all",
                "min_width": "",
                "min_height": "",
                "min_size": "",
                "max_width": "",
                "max_height": "",
                "max_size": "",
                "mime_types": ""
            },
            {
                "key": "field_63693903e1c01",
                "label": "Pilt-5-pealkiri",
                "name": "pilt-5-pealkiri",
                "aria-label": "",
                "type": "text",
                "instructions": "Pealkiri",
                "required": 0,
                "conditional_logic": 0,
                "wrapper": {
                    "width": "",
                    "class": "",
                    "id": ""
                },
                "default_value": "",
                "placeholder": "Pealkiri",
                "prepend": "",
                "append": "",
                "maxlength": ""
            },
            {
                "key": "field_6369391b3c29c",
                "label": "Pilt-5-kirjeldus",
                "name": "pilt-5-kirjeldus",
                "aria-label": "",
                "type": "textarea",
                "instructions": "Kirjeldus",
                "required": 0,
                "conditional_logic": 0,
                "wrapper": {
                    "width": "",
                    "class": "",
                    "id": ""
                },
                "default_value": "",
                "placeholder": "",
                "maxlength": "",
                "rows": "",
                "new_lines": ""
            },
            {
                "key": "field_636f67dd5fb5a",
                "label": "Firma tutvustus pealkiri",
                "name": "firma_tutvustus_pealkiri",
                "aria-label": "",
                "type": "text",
                "instructions": "",
                "required": 0,
                "conditional_logic": 0,
                "wrapper": {
                    "width": "",
                    "class": "",
                    "id": ""
                },
                "default_value": "",
                "maxlength": "",
                "placeholder": "",
                "prepend": "",
                "append": ""
            },
            {
                "key": "field_636f680a69a1d",
                "label": "Firma tutvustus",
                "name": "firma_tutvustus",
                "aria-label": "",
                "type": "wysiwyg",
                "instructions": "",
                "required": 0,
                "conditional_logic": 0,
                "wrapper": {
                    "width": "",
                    "class": "",
                    "id": ""
                },
                "default_value": "",
                "tabs": "all",
                "toolbar": "full",
                "media_upload": 1,
                "delay": 0
            }
        ],
        "location": [
            [
                {
                    "param": "page",
                    "operator": "==",
                    "value": "30"
                }
            ]
        ],
        "menu_order": 0,
        "position": "normal",
        "style": "default",
        "label_placement": "top",
        "instruction_placement": "label",
        "hide_on_screen": "",
        "active": true,
        "description": "",
        "show_in_rest": 0
    },
    {
        "key": "group_6371159ae9090",
        "title": "Footer",
        "fields": [
            {
                "key": "field_6371159b08a46",
                "label": "Aadress",
                "name": "footer_adress",
                "aria-label": "",
                "type": "wysiwyg",
                "instructions": "",
                "required": 0,
                "conditional_logic": 0,
                "wrapper": {
                    "width": "",
                    "class": "",
                    "id": ""
                },
                "default_value": "",
                "tabs": "all",
                "toolbar": "full",
                "media_upload": 1,
                "delay": 0
            },
            {
                "key": "field_637115f2362e5",
                "label": "Kontakt",
                "name": "footer_kontakt",
                "aria-label": "",
                "type": "wysiwyg",
                "instructions": "",
                "required": 0,
                "conditional_logic": 0,
                "wrapper": {
                    "width": "",
                    "class": "",
                    "id": ""
                },
                "default_value": "",
                "tabs": "all",
                "toolbar": "full",
                "media_upload": 1,
                "delay": 0
            },
            {
                "key": "field_6371160c21baa",
                "label": "Register",
                "name": "footer_register",
                "aria-label": "",
                "type": "wysiwyg",
                "instructions": "",
                "required": 0,
                "conditional_logic": 0,
                "wrapper": {
                    "width": "",
                    "class": "",
                    "id": ""
                },
                "default_value": "",
                "tabs": "all",
                "toolbar": "full",
                "media_upload": 1,
                "delay": 0
            },
            {
                "key": "field_637116835c01e",
                "label": "Partnerid",
                "name": "footer_partnerid",
                "aria-label": "",
                "type": "wysiwyg",
                "instructions": "",
                "required": 0,
                "conditional_logic": 0,
                "wrapper": {
                    "width": "",
                    "class": "",
                    "id": ""
                },
                "default_value": "",
                "tabs": "all",
                "toolbar": "full",
                "media_upload": 1,
                "delay": 0
            },
            {
                "key": "field_637117021c710",
                "label": "Copyright",
                "name": "footer_copyright",
                "aria-label": "",
                "type": "text",
                "instructions": "",
                "required": 0,
                "conditional_logic": 0,
                "wrapper": {
                    "width": "",
                    "class": "",
                    "id": ""
                },
                "default_value": "",
                "maxlength": "",
                "placeholder": "",
                "prepend": "",
                "append": ""
            }
        ],
        "location": [
            [
                {
                    "param": "page",
                    "operator": "==",
                    "value": "496"
                }
            ]
        ],
        "menu_order": 0,
        "position": "normal",
        "style": "default",
        "label_placement": "top",
        "instruction_placement": "label",
        "hide_on_screen": "",
        "active": true,
        "description": "",
        "show_in_rest": 0
    },
    {
        "key": "group_636b853d005c3",
        "title": "Hinnakiri",
        "fields": [
            {
                "key": "field_636b8543e9127",
                "label": "Lehe Pealkiri",
                "name": "lehe_pealkiri",
                "aria-label": "",
                "type": "text",
                "instructions": "Lehe Pealkiri",
                "required": 1,
                "conditional_logic": 0,
                "wrapper": {
                    "width": "",
                    "class": "",
                    "id": ""
                },
                "default_value": "",
                "placeholder": "Pealkiri",
                "prepend": "",
                "append": "",
                "maxlength": ""
            },
            {
                "key": "field_636d10f3bc5b7",
                "label": "Hinnakirja tabel",
                "name": "hinnakirja_tabel",
                "aria-label": "",
                "type": "table",
                "instructions": "",
                "required": 0,
                "conditional_logic": 0,
                "wrapper": {
                    "width": "",
                    "class": "",
                    "id": ""
                },
                "use_header": 1
            },
            {
                "key": "field_636d1f4ba10a0",
                "label": "Tabeli lisa text",
                "name": "tabeli_lisa_text",
                "aria-label": "",
                "type": "text",
                "instructions": "Siia saab lisada tabelile komentaariks midagi. Nt käibemaks jne",
                "required": 0,
                "conditional_logic": 0,
                "wrapper": {
                    "width": "",
                    "class": "",
                    "id": ""
                },
                "default_value": "",
                "placeholder": "Komentaar",
                "prepend": "",
                "append": "",
                "maxlength": ""
            }
        ],
        "location": [
            [
                {
                    "param": "page",
                    "operator": "==",
                    "value": "323"
                }
            ]
        ],
        "menu_order": 0,
        "position": "normal",
        "style": "default",
        "label_placement": "top",
        "instruction_placement": "label",
        "hide_on_screen": "",
        "active": true,
        "description": "",
        "show_in_rest": false
    },
    {
        "key": "group_636b856a72e7e",
        "title": "Kontakt",
        "fields": [
            {
                "key": "field_636b856ea9699",
                "label": "Lehe Pealkiri",
                "name": "lehe_pealkiri",
                "aria-label": "",
                "type": "text",
                "instructions": "Lehe Pealkiri",
                "required": 1,
                "conditional_logic": 0,
                "wrapper": {
                    "width": "",
                    "class": "",
                    "id": ""
                },
                "default_value": "",
                "placeholder": "Pealkiri",
                "prepend": "",
                "append": "",
                "maxlength": ""
            }
        ],
        "location": [
            [
                {
                    "param": "page",
                    "operator": "==",
                    "value": "327"
                }
            ]
        ],
        "menu_order": 0,
        "position": "normal",
        "style": "default",
        "label_placement": "top",
        "instruction_placement": "label",
        "hide_on_screen": "",
        "active": true,
        "description": "",
        "show_in_rest": false
    },
    {
        "key": "group_636b80be7a9e1",
        "title": "Teenused",
        "fields": [
            {
                "key": "field_636b80c420899",
                "label": "Lehe Pealkiri",
                "name": "lehe_pealkiri",
                "aria-label": "",
                "type": "text",
                "instructions": "Selle lehe pealkiri",
                "required": 1,
                "conditional_logic": 0,
                "wrapper": {
                    "width": "",
                    "class": "",
                    "id": ""
                },
                "default_value": "",
                "placeholder": "Pealkiri",
                "prepend": "",
                "append": "",
                "maxlength": ""
            },
            {
                "key": "field_636f776fafa4f",
                "label": "Teenused Pealkiri",
                "name": "teenused_pealkiri",
                "aria-label": "",
                "type": "text",
                "instructions": "",
                "required": 0,
                "conditional_logic": 0,
                "wrapper": {
                    "width": "",
                    "class": "",
                    "id": ""
                },
                "default_value": "",
                "maxlength": "",
                "placeholder": "",
                "prepend": "",
                "append": ""
            },
            {
                "key": "field_636f7f2fe0cb9",
                "label": "Teenused Alapealkiri",
                "name": "teenused_alapealkiri",
                "aria-label": "",
                "type": "text",
                "instructions": "",
                "required": 0,
                "conditional_logic": 0,
                "wrapper": {
                    "width": "",
                    "class": "",
                    "id": ""
                },
                "default_value": "",
                "maxlength": "",
                "placeholder": "",
                "prepend": "",
                "append": ""
            },
            {
                "key": "field_636f7786a5661",
                "label": "Teenused Nimekiri",
                "name": "teenused_nimekiri",
                "aria-label": "",
                "type": "wysiwyg",
                "instructions": "",
                "required": 0,
                "conditional_logic": 0,
                "wrapper": {
                    "width": "",
                    "class": "",
                    "id": ""
                },
                "default_value": "",
                "tabs": "all",
                "toolbar": "full",
                "media_upload": 1,
                "delay": 0
            },
            {
                "key": "field_6371240935316",
                "label": "Teenused pilt",
                "name": "teenused_pilt",
                "aria-label": "",
                "type": "image",
                "instructions": "",
                "required": 0,
                "conditional_logic": 0,
                "wrapper": {
                    "width": "",
                    "class": "",
                    "id": ""
                },
                "return_format": "url",
                "library": "all",
                "min_width": "",
                "min_height": "",
                "min_size": "",
                "max_width": "",
                "max_height": "",
                "max_size": "",
                "mime_types": "",
                "preview_size": "medium"
            },
            {
                "key": "field_636f7d0aad844",
                "label": "Teenused lisaks",
                "name": "teenused_lisaks",
                "aria-label": "",
                "type": "text",
                "instructions": "",
                "required": 0,
                "conditional_logic": 0,
                "wrapper": {
                    "width": "",
                    "class": "",
                    "id": ""
                },
                "default_value": "",
                "maxlength": "",
                "placeholder": "",
                "prepend": "",
                "append": ""
            },
            {
                "key": "field_636f7b3138b59",
                "label": "Teenused NB",
                "name": "teenused_nb",
                "aria-label": "",
                "type": "text",
                "instructions": "",
                "required": 0,
                "conditional_logic": 0,
                "wrapper": {
                    "width": "",
                    "class": "",
                    "id": ""
                },
                "default_value": "",
                "maxlength": "",
                "placeholder": "",
                "prepend": "",
                "append": ""
            },
            {
                "key": "field_636f7ddd78bda",
                "label": "Teenused NB Nimekiri",
                "name": "teenused_nb_nimekiri",
                "aria-label": "",
                "type": "wysiwyg",
                "instructions": "",
                "required": 0,
                "conditional_logic": 0,
                "wrapper": {
                    "width": "",
                    "class": "",
                    "id": ""
                },
                "default_value": "",
                "tabs": "all",
                "toolbar": "full",
                "media_upload": 1,
                "delay": 0
            },
            {
                "key": "field_6381f82f5064b",
                "label": "Pesemise Tingmärgid",
                "name": "pesemise_tingmargid",
                "aria-label": "",
                "type": "group",
                "instructions": "",
                "required": 0,
                "conditional_logic": 0,
                "wrapper": {
                    "width": "",
                    "class": "",
                    "id": ""
                },
                "layout": "row",
                "sub_fields": [
                    {
                        "key": "field_6381f86f5064c",
                        "label": "Tingmärgi pilt 1",
                        "name": "tingmargi_pilt_1",
                        "aria-label": "",
                        "type": "image",
                        "instructions": "",
                        "required": 0,
                        "conditional_logic": 0,
                        "wrapper": {
                            "width": "",
                            "class": "",
                            "id": ""
                        },
                        "return_format": "url",
                        "library": "",
                        "min_width": "",
                        "min_height": "",
                        "min_size": "",
                        "max_width": "",
                        "max_height": "",
                        "max_size": "",
                        "mime_types": "",
                        "preview_size": "medium"
                    },
                    {
                        "key": "field_6381f8995064d",
                        "label": "Tingmärgi kirjeldus 1",
                        "name": "tingmargi_kirjeldus_1",
                        "aria-label": "",
                        "type": "text",
                        "instructions": "",
                        "required": 0,
                        "conditional_logic": 0,
                        "wrapper": {
                            "width": "",
                            "class": "",
                            "id": ""
                        },
                        "default_value": "",
                        "maxlength": "",
                        "placeholder": "",
                        "prepend": "",
                        "append": ""
                    },
                    {
                        "key": "field_6381f99a64553",
                        "label": "Tingmärgi pilt 2",
                        "name": "tingmargi_pilt_2",
                        "aria-label": "",
                        "type": "image",
                        "instructions": "",
                        "required": 0,
                        "conditional_logic": 0,
                        "wrapper": {
                            "width": "",
                            "class": "",
                            "id": ""
                        },
                        "return_format": "url",
                        "library": "",
                        "min_width": "",
                        "min_height": "",
                        "min_size": "",
                        "max_width": "",
                        "max_height": "",
                        "max_size": "",
                        "mime_types": "",
                        "preview_size": "medium"
                    },
                    {
                        "key": "field_6381f9a164554",
                        "label": "Tingmärgi kirjeldus 2",
                        "name": "tingmargi_kirjeldus_2",
                        "aria-label": "",
                        "type": "text",
                        "instructions": "",
                        "required": 0,
                        "conditional_logic": 0,
                        "wrapper": {
                            "width": "",
                            "class": "",
                            "id": ""
                        },
                        "default_value": "",
                        "maxlength": "",
                        "placeholder": "",
                        "prepend": "",
                        "append": ""
                    },
                    {
                        "key": "field_6381f9ad64555",
                        "label": "Tingmärgi pilt 3",
                        "name": "tingmargi_pilt_3",
                        "aria-label": "",
                        "type": "image",
                        "instructions": "",
                        "required": 0,
                        "conditional_logic": 0,
                        "wrapper": {
                            "width": "",
                            "class": "",
                            "id": ""
                        },
                        "return_format": "url",
                        "library": "",
                        "min_width": "",
                        "min_height": "",
                        "min_size": "",
                        "max_width": "",
                        "max_height": "",
                        "max_size": "",
                        "mime_types": "",
                        "preview_size": "medium"
                    },
                    {
                        "key": "field_6381f9b164556",
                        "label": "Tingmärgi kirjeldus 3",
                        "name": "tingmargi_kirjeldus_3",
                        "aria-label": "",
                        "type": "text",
                        "instructions": "",
                        "required": 0,
                        "conditional_logic": 0,
                        "wrapper": {
                            "width": "",
                            "class": "",
                            "id": ""
                        },
                        "default_value": "",
                        "maxlength": "",
                        "placeholder": "",
                        "prepend": "",
                        "append": ""
                    },
                    {
                        "key": "field_6381f9bd64557",
                        "label": "Tingmärgi pilt 4",
                        "name": "tingmargi_pilt_4",
                        "aria-label": "",
                        "type": "image",
                        "instructions": "",
                        "required": 0,
                        "conditional_logic": 0,
                        "wrapper": {
                            "width": "",
                            "class": "",
                            "id": ""
                        },
                        "return_format": "url",
                        "library": "",
                        "min_width": "",
                        "min_height": "",
                        "min_size": "",
                        "max_width": "",
                        "max_height": "",
                        "max_size": "",
                        "mime_types": "",
                        "preview_size": "medium"
                    },
                    {
                        "key": "field_6381f9c264558",
                        "label": "Tingmärgi kirjeldus 4",
                        "name": "tingmargi_kirjeldus_4",
                        "aria-label": "",
                        "type": "text",
                        "instructions": "",
                        "required": 0,
                        "conditional_logic": 0,
                        "wrapper": {
                            "width": "",
                            "class": "",
                            "id": ""
                        },
                        "default_value": "",
                        "maxlength": "",
                        "placeholder": "",
                        "prepend": "",
                        "append": ""
                    },
                    {
                        "key": "field_6381f9ca64559",
                        "label": "Tingmärgi pilt 5",
                        "name": "tingmargi_pilt_5",
                        "aria-label": "",
                        "type": "image",
                        "instructions": "",
                        "required": 0,
                        "conditional_logic": 0,
                        "wrapper": {
                            "width": "",
                            "class": "",
                            "id": ""
                        },
                        "return_format": "url",
                        "library": "",
                        "min_width": "",
                        "min_height": "",
                        "min_size": "",
                        "max_width": "",
                        "max_height": "",
                        "max_size": "",
                        "mime_types": "",
                        "preview_size": "medium"
                    },
                    {
                        "key": "field_6381f9cd6455a",
                        "label": "Tingmärgi kirjeldus 5",
                        "name": "tingmargi_kirjeldus_5",
                        "aria-label": "",
                        "type": "text",
                        "instructions": "",
                        "required": 0,
                        "conditional_logic": 0,
                        "wrapper": {
                            "width": "",
                            "class": "",
                            "id": ""
                        },
                        "default_value": "",
                        "maxlength": "",
                        "placeholder": "",
                        "prepend": "",
                        "append": ""
                    },
                    {
                        "key": "field_6381f9d96455b",
                        "label": "Tingmärgi pilt 6",
                        "name": "tingmargi_pilt_6",
                        "aria-label": "",
                        "type": "image",
                        "instructions": "",
                        "required": 0,
                        "conditional_logic": 0,
                        "wrapper": {
                            "width": "",
                            "class": "",
                            "id": ""
                        },
                        "return_format": "url",
                        "library": "",
                        "min_width": "",
                        "min_height": "",
                        "min_size": "",
                        "max_width": "",
                        "max_height": "",
                        "max_size": "",
                        "mime_types": "",
                        "preview_size": "medium"
                    },
                    {
                        "key": "field_6381f9e06455c",
                        "label": "Tingmärgi kirjeldus 6",
                        "name": "tingmargi_kirjeldus_6",
                        "aria-label": "",
                        "type": "text",
                        "instructions": "",
                        "required": 0,
                        "conditional_logic": 0,
                        "wrapper": {
                            "width": "",
                            "class": "",
                            "id": ""
                        },
                        "default_value": "",
                        "maxlength": "",
                        "placeholder": "",
                        "prepend": "",
                        "append": ""
                    },
                    {
                        "key": "field_6381f9e86455d",
                        "label": "Tingmärgi pilt 7",
                        "name": "tingmargi_pilt_7",
                        "aria-label": "",
                        "type": "image",
                        "instructions": "",
                        "required": 0,
                        "conditional_logic": 0,
                        "wrapper": {
                            "width": "",
                            "class": "",
                            "id": ""
                        },
                        "return_format": "url",
                        "library": "all",
                        "min_width": "",
                        "min_height": "",
                        "min_size": "",
                        "max_width": "",
                        "max_height": "",
                        "max_size": "",
                        "mime_types": "",
                        "preview_size": "medium"
                    },
                    {
                        "key": "field_6381fa226455e",
                        "label": "Tingmärgi kirjeldus 7",
                        "name": "tingmargi_kirjeldus_7",
                        "aria-label": "",
                        "type": "text",
                        "instructions": "",
                        "required": 0,
                        "conditional_logic": 0,
                        "wrapper": {
                            "width": "",
                            "class": "",
                            "id": ""
                        },
                        "default_value": "",
                        "maxlength": "",
                        "placeholder": "",
                        "prepend": "",
                        "append": ""
                    }
                ]
            },
            {
                "key": "field_63820ddd61372",
                "label": "Kuivatus Tingmärgid",
                "name": "kuivatus_tingmargid",
                "aria-label": "",
                "type": "group",
                "instructions": "",
                "required": 0,
                "conditional_logic": 0,
                "wrapper": {
                    "width": "",
                    "class": "",
                    "id": ""
                },
                "layout": "row",
                "sub_fields": [
                    {
                        "key": "field_63820ddd61373",
                        "label": "Tingmärgi pilt 1",
                        "name": "tingmargi_pilt_1",
                        "aria-label": "",
                        "type": "image",
                        "instructions": "",
                        "required": 0,
                        "conditional_logic": 0,
                        "wrapper": {
                            "width": "",
                            "class": "",
                            "id": ""
                        },
                        "return_format": "url",
                        "library": "all",
                        "min_width": "",
                        "min_height": "",
                        "min_size": "",
                        "max_width": "",
                        "max_height": "",
                        "max_size": "",
                        "mime_types": "",
                        "preview_size": "medium"
                    },
                    {
                        "key": "field_63820ddd61374",
                        "label": "Tingmärgi kirjeldus 1",
                        "name": "tingmargi_kirjeldus_1",
                        "aria-label": "",
                        "type": "text",
                        "instructions": "",
                        "required": 0,
                        "conditional_logic": 0,
                        "wrapper": {
                            "width": "",
                            "class": "",
                            "id": ""
                        },
                        "default_value": "",
                        "maxlength": "",
                        "placeholder": "",
                        "prepend": "",
                        "append": ""
                    },
                    {
                        "key": "field_63820ddd61375",
                        "label": "Tingmärgi pilt 2",
                        "name": "tingmargi_pilt_2",
                        "aria-label": "",
                        "type": "image",
                        "instructions": "",
                        "required": 0,
                        "conditional_logic": 0,
                        "wrapper": {
                            "width": "",
                            "class": "",
                            "id": ""
                        },
                        "return_format": "url",
                        "library": "all",
                        "min_width": "",
                        "min_height": "",
                        "min_size": "",
                        "max_width": "",
                        "max_height": "",
                        "max_size": "",
                        "mime_types": "",
                        "preview_size": "medium"
                    },
                    {
                        "key": "field_63820ddd61376",
                        "label": "Tingmärgi kirjeldus 2",
                        "name": "tingmargi_kirjeldus_2",
                        "aria-label": "",
                        "type": "text",
                        "instructions": "",
                        "required": 0,
                        "conditional_logic": 0,
                        "wrapper": {
                            "width": "",
                            "class": "",
                            "id": ""
                        },
                        "default_value": "",
                        "maxlength": "",
                        "placeholder": "",
                        "prepend": "",
                        "append": ""
                    },
                    {
                        "key": "field_63820ddd61377",
                        "label": "Tingmärgi pilt 3",
                        "name": "tingmargi_pilt_3",
                        "aria-label": "",
                        "type": "image",
                        "instructions": "",
                        "required": 0,
                        "conditional_logic": 0,
                        "wrapper": {
                            "width": "",
                            "class": "",
                            "id": ""
                        },
                        "return_format": "url",
                        "library": "all",
                        "min_width": "",
                        "min_height": "",
                        "min_size": "",
                        "max_width": "",
                        "max_height": "",
                        "max_size": "",
                        "mime_types": "",
                        "preview_size": "medium"
                    },
                    {
                        "key": "field_63820ddd61378",
                        "label": "Tingmärgi kirjeldus 3",
                        "name": "tingmargi_kirjeldus_3",
                        "aria-label": "",
                        "type": "text",
                        "instructions": "",
                        "required": 0,
                        "conditional_logic": 0,
                        "wrapper": {
                            "width": "",
                            "class": "",
                            "id": ""
                        },
                        "default_value": "",
                        "maxlength": "",
                        "placeholder": "",
                        "prepend": "",
                        "append": ""
                    },
                    {
                        "key": "field_63820ddd61379",
                        "label": "Tingmärgi pilt 4",
                        "name": "tingmargi_pilt_4",
                        "aria-label": "",
                        "type": "image",
                        "instructions": "",
                        "required": 0,
                        "conditional_logic": 0,
                        "wrapper": {
                            "width": "",
                            "class": "",
                            "id": ""
                        },
                        "return_format": "url",
                        "library": "all",
                        "min_width": "",
                        "min_height": "",
                        "min_size": "",
                        "max_width": "",
                        "max_height": "",
                        "max_size": "",
                        "mime_types": "",
                        "preview_size": "medium"
                    },
                    {
                        "key": "field_63820ddd6137a",
                        "label": "Tingmärgi kirjeldus 4",
                        "name": "tingmargi_kirjeldus_4",
                        "aria-label": "",
                        "type": "text",
                        "instructions": "",
                        "required": 0,
                        "conditional_logic": 0,
                        "wrapper": {
                            "width": "",
                            "class": "",
                            "id": ""
                        },
                        "default_value": "",
                        "maxlength": "",
                        "placeholder": "",
                        "prepend": "",
                        "append": ""
                    },
                    {
                        "key": "field_63820ddd6137b",
                        "label": "Tingmärgi pilt 5",
                        "name": "tingmargi_pilt_5",
                        "aria-label": "",
                        "type": "image",
                        "instructions": "",
                        "required": 0,
                        "conditional_logic": 0,
                        "wrapper": {
                            "width": "",
                            "class": "",
                            "id": ""
                        },
                        "return_format": "url",
                        "library": "all",
                        "min_width": "",
                        "min_height": "",
                        "min_size": "",
                        "max_width": "",
                        "max_height": "",
                        "max_size": "",
                        "mime_types": "",
                        "preview_size": "medium"
                    },
                    {
                        "key": "field_63820ddd6137c",
                        "label": "Tingmärgi kirjeldus 5",
                        "name": "tingmargi_kirjeldus_5",
                        "aria-label": "",
                        "type": "text",
                        "instructions": "",
                        "required": 0,
                        "conditional_logic": 0,
                        "wrapper": {
                            "width": "",
                            "class": "",
                            "id": ""
                        },
                        "default_value": "",
                        "maxlength": "",
                        "placeholder": "",
                        "prepend": "",
                        "append": ""
                    },
                    {
                        "key": "field_63820ddd6137d",
                        "label": "Tingmärgi pilt 6",
                        "name": "tingmargi_pilt_6",
                        "aria-label": "",
                        "type": "image",
                        "instructions": "",
                        "required": 0,
                        "conditional_logic": 0,
                        "wrapper": {
                            "width": "",
                            "class": "",
                            "id": ""
                        },
                        "return_format": "url",
                        "library": "all",
                        "min_width": "",
                        "min_height": "",
                        "min_size": "",
                        "max_width": "",
                        "max_height": "",
                        "max_size": "",
                        "mime_types": "",
                        "preview_size": "medium"
                    },
                    {
                        "key": "field_63820ddd6137e",
                        "label": "Tingmärgi kirjeldus 6",
                        "name": "tingmargi_kirjeldus_6",
                        "aria-label": "",
                        "type": "text",
                        "instructions": "",
                        "required": 0,
                        "conditional_logic": 0,
                        "wrapper": {
                            "width": "",
                            "class": "",
                            "id": ""
                        },
                        "default_value": "",
                        "maxlength": "",
                        "placeholder": "",
                        "prepend": "",
                        "append": ""
                    },
                    {
                        "key": "field_63820ddd6137f",
                        "label": "Tingmärgi pilt 7",
                        "name": "tingmargi_pilt_7",
                        "aria-label": "",
                        "type": "image",
                        "instructions": "",
                        "required": 0,
                        "conditional_logic": 0,
                        "wrapper": {
                            "width": "",
                            "class": "",
                            "id": ""
                        },
                        "return_format": "url",
                        "library": "all",
                        "min_width": "",
                        "min_height": "",
                        "min_size": "",
                        "max_width": "",
                        "max_height": "",
                        "max_size": "",
                        "mime_types": "",
                        "preview_size": "medium"
                    },
                    {
                        "key": "field_63820ddd61380",
                        "label": "Tingmärgi kirjeldus 7",
                        "name": "tingmargi_kirjeldus_7",
                        "aria-label": "",
                        "type": "text",
                        "instructions": "",
                        "required": 0,
                        "conditional_logic": 0,
                        "wrapper": {
                            "width": "",
                            "class": "",
                            "id": ""
                        },
                        "default_value": "",
                        "maxlength": "",
                        "placeholder": "",
                        "prepend": "",
                        "append": ""
                    },
                    {
                        "key": "field_63820ef1f413f",
                        "label": "Tingmärgi pilt 8",
                        "name": "tingmargi_pilt_8",
                        "aria-label": "",
                        "type": "image",
                        "instructions": "",
                        "required": 0,
                        "conditional_logic": 0,
                        "wrapper": {
                            "width": "",
                            "class": "",
                            "id": ""
                        },
                        "return_format": "url",
                        "library": "all",
                        "min_width": "",
                        "min_height": "",
                        "min_size": "",
                        "max_width": "",
                        "max_height": "",
                        "max_size": "",
                        "mime_types": "",
                        "preview_size": "medium"
                    },
                    {
                        "key": "field_63820efdf4140",
                        "label": "Tingmärgi kirjeldus 8",
                        "name": "tingmargi_kirjeldus_8",
                        "aria-label": "",
                        "type": "text",
                        "instructions": "",
                        "required": 0,
                        "conditional_logic": 0,
                        "wrapper": {
                            "width": "",
                            "class": "",
                            "id": ""
                        },
                        "default_value": "",
                        "maxlength": "",
                        "placeholder": "",
                        "prepend": "",
                        "append": ""
                    },
                    {
                        "key": "field_63820f06f4141",
                        "label": "Tingmärgi pilt 9",
                        "name": "tingmargi_pilt_9",
                        "aria-label": "",
                        "type": "image",
                        "instructions": "",
                        "required": 0,
                        "conditional_logic": 0,
                        "wrapper": {
                            "width": "",
                            "class": "",
                            "id": ""
                        },
                        "return_format": "url",
                        "library": "all",
                        "min_width": "",
                        "min_height": "",
                        "min_size": "",
                        "max_width": "",
                        "max_height": "",
                        "max_size": "",
                        "mime_types": "",
                        "preview_size": "medium"
                    },
                    {
                        "key": "field_63820f21f4142",
                        "label": "Tingmärgi kirjeldus 9",
                        "name": "tingmargi_kirjeldus_9",
                        "aria-label": "",
                        "type": "text",
                        "instructions": "",
                        "required": 0,
                        "conditional_logic": 0,
                        "wrapper": {
                            "width": "",
                            "class": "",
                            "id": ""
                        },
                        "default_value": "",
                        "maxlength": "",
                        "placeholder": "",
                        "prepend": "",
                        "append": ""
                    }
                ]
            },
            {
                "key": "field_63821121c5e16",
                "label": "Pleegitus Tingmärgid",
                "name": "pleegitus_tingmargid",
                "aria-label": "",
                "type": "group",
                "instructions": "",
                "required": 0,
                "conditional_logic": 0,
                "wrapper": {
                    "width": "",
                    "class": "",
                    "id": ""
                },
                "layout": "row",
                "sub_fields": [
                    {
                        "key": "field_63821121c5e17",
                        "label": "Tingmärgi pilt 1",
                        "name": "tingmargi_pilt_1",
                        "aria-label": "",
                        "type": "image",
                        "instructions": "",
                        "required": 0,
                        "conditional_logic": 0,
                        "wrapper": {
                            "width": "",
                            "class": "",
                            "id": ""
                        },
                        "return_format": "url",
                        "library": "all",
                        "min_width": "",
                        "min_height": "",
                        "min_size": "",
                        "max_width": "",
                        "max_height": "",
                        "max_size": "",
                        "mime_types": "",
                        "preview_size": "medium"
                    },
                    {
                        "key": "field_63821121c5e18",
                        "label": "Tingmärgi kirjeldus 1",
                        "name": "tingmargi_kirjeldus_1",
                        "aria-label": "",
                        "type": "text",
                        "instructions": "",
                        "required": 0,
                        "conditional_logic": 0,
                        "wrapper": {
                            "width": "",
                            "class": "",
                            "id": ""
                        },
                        "default_value": "",
                        "maxlength": "",
                        "placeholder": "",
                        "prepend": "",
                        "append": ""
                    },
                    {
                        "key": "field_63821121c5e19",
                        "label": "Tingmärgi pilt 2",
                        "name": "tingmargi_pilt_2",
                        "aria-label": "",
                        "type": "image",
                        "instructions": "",
                        "required": 0,
                        "conditional_logic": 0,
                        "wrapper": {
                            "width": "",
                            "class": "",
                            "id": ""
                        },
                        "return_format": "url",
                        "library": "all",
                        "min_width": "",
                        "min_height": "",
                        "min_size": "",
                        "max_width": "",
                        "max_height": "",
                        "max_size": "",
                        "mime_types": "",
                        "preview_size": "medium"
                    },
                    {
                        "key": "field_63821121c5e1a",
                        "label": "Tingmärgi kirjeldus 2",
                        "name": "tingmargi_kirjeldus_2",
                        "aria-label": "",
                        "type": "text",
                        "instructions": "",
                        "required": 0,
                        "conditional_logic": 0,
                        "wrapper": {
                            "width": "",
                            "class": "",
                            "id": ""
                        },
                        "default_value": "",
                        "maxlength": "",
                        "placeholder": "",
                        "prepend": "",
                        "append": ""
                    }
                ]
            },
            {
                "key": "field_638212182b7de",
                "label": "Triikimis Tingmärgid",
                "name": "triikimis_tingmargid",
                "aria-label": "",
                "type": "group",
                "instructions": "",
                "required": 0,
                "conditional_logic": 0,
                "wrapper": {
                    "width": "",
                    "class": "",
                    "id": ""
                },
                "layout": "row",
                "sub_fields": [
                    {
                        "key": "field_638212182b7df",
                        "label": "Tingmärgi pilt 1",
                        "name": "tingmargi_pilt_1",
                        "aria-label": "",
                        "type": "image",
                        "instructions": "",
                        "required": 0,
                        "conditional_logic": 0,
                        "wrapper": {
                            "width": "",
                            "class": "",
                            "id": ""
                        },
                        "return_format": "url",
                        "library": "all",
                        "min_width": "",
                        "min_height": "",
                        "min_size": "",
                        "max_width": "",
                        "max_height": "",
                        "max_size": "",
                        "mime_types": "",
                        "preview_size": "medium"
                    },
                    {
                        "key": "field_638212182b7e0",
                        "label": "Tingmärgi kirjeldus 1",
                        "name": "tingmargi_kirjeldus_1",
                        "aria-label": "",
                        "type": "text",
                        "instructions": "",
                        "required": 0,
                        "conditional_logic": 0,
                        "wrapper": {
                            "width": "",
                            "class": "",
                            "id": ""
                        },
                        "default_value": "",
                        "maxlength": "",
                        "placeholder": "",
                        "prepend": "",
                        "append": ""
                    },
                    {
                        "key": "field_638212182b7e1",
                        "label": "Tingmärgi pilt 2",
                        "name": "tingmargi_pilt_2",
                        "aria-label": "",
                        "type": "image",
                        "instructions": "",
                        "required": 0,
                        "conditional_logic": 0,
                        "wrapper": {
                            "width": "",
                            "class": "",
                            "id": ""
                        },
                        "return_format": "url",
                        "library": "all",
                        "min_width": "",
                        "min_height": "",
                        "min_size": "",
                        "max_width": "",
                        "max_height": "",
                        "max_size": "",
                        "mime_types": "",
                        "preview_size": "medium"
                    },
                    {
                        "key": "field_638212182b7e2",
                        "label": "Tingmärgi kirjeldus 2",
                        "name": "tingmargi_kirjeldus_2",
                        "aria-label": "",
                        "type": "text",
                        "instructions": "",
                        "required": 0,
                        "conditional_logic": 0,
                        "wrapper": {
                            "width": "",
                            "class": "",
                            "id": ""
                        },
                        "default_value": "",
                        "maxlength": "",
                        "placeholder": "",
                        "prepend": "",
                        "append": ""
                    },
                    {
                        "key": "field_638212182b7e3",
                        "label": "Tingmärgi pilt 3",
                        "name": "tingmargi_pilt_3",
                        "aria-label": "",
                        "type": "image",
                        "instructions": "",
                        "required": 0,
                        "conditional_logic": 0,
                        "wrapper": {
                            "width": "",
                            "class": "",
                            "id": ""
                        },
                        "return_format": "url",
                        "library": "all",
                        "min_width": "",
                        "min_height": "",
                        "min_size": "",
                        "max_width": "",
                        "max_height": "",
                        "max_size": "",
                        "mime_types": "",
                        "preview_size": "medium"
                    },
                    {
                        "key": "field_638212182b7e4",
                        "label": "Tingmärgi kirjeldus 3",
                        "name": "tingmargi_kirjeldus_3",
                        "aria-label": "",
                        "type": "text",
                        "instructions": "",
                        "required": 0,
                        "conditional_logic": 0,
                        "wrapper": {
                            "width": "",
                            "class": "",
                            "id": ""
                        },
                        "default_value": "",
                        "maxlength": "",
                        "placeholder": "",
                        "prepend": "",
                        "append": ""
                    },
                    {
                        "key": "field_638212182b7e5",
                        "label": "Tingmärgi pilt 4",
                        "name": "tingmargi_pilt_4",
                        "aria-label": "",
                        "type": "image",
                        "instructions": "",
                        "required": 0,
                        "conditional_logic": 0,
                        "wrapper": {
                            "width": "",
                            "class": "",
                            "id": ""
                        },
                        "return_format": "url",
                        "library": "all",
                        "min_width": "",
                        "min_height": "",
                        "min_size": "",
                        "max_width": "",
                        "max_height": "",
                        "max_size": "",
                        "mime_types": "",
                        "preview_size": "medium"
                    },
                    {
                        "key": "field_638212182b7e6",
                        "label": "Tingmärgi kirjeldus 4",
                        "name": "tingmargi_kirjeldus_4",
                        "aria-label": "",
                        "type": "text",
                        "instructions": "",
                        "required": 0,
                        "conditional_logic": 0,
                        "wrapper": {
                            "width": "",
                            "class": "",
                            "id": ""
                        },
                        "default_value": "",
                        "maxlength": "",
                        "placeholder": "",
                        "prepend": "",
                        "append": ""
                    },
                    {
                        "key": "field_638212182b7e7",
                        "label": "Tingmärgi pilt 5",
                        "name": "tingmargi_pilt_5",
                        "aria-label": "",
                        "type": "image",
                        "instructions": "",
                        "required": 0,
                        "conditional_logic": 0,
                        "wrapper": {
                            "width": "",
                            "class": "",
                            "id": ""
                        },
                        "return_format": "url",
                        "library": "all",
                        "min_width": "",
                        "min_height": "",
                        "min_size": "",
                        "max_width": "",
                        "max_height": "",
                        "max_size": "",
                        "mime_types": "",
                        "preview_size": "medium"
                    },
                    {
                        "key": "field_638212182b7e8",
                        "label": "Tingmärgi kirjeldus 5",
                        "name": "tingmargi_kirjeldus_5",
                        "aria-label": "",
                        "type": "text",
                        "instructions": "",
                        "required": 0,
                        "conditional_logic": 0,
                        "wrapper": {
                            "width": "",
                            "class": "",
                            "id": ""
                        },
                        "default_value": "",
                        "maxlength": "",
                        "placeholder": "",
                        "prepend": "",
                        "append": ""
                    }
                ]
            }
        ],
        "location": [
            [
                {
                    "param": "page",
                    "operator": "==",
                    "value": "321"
                }
            ]
        ],
        "menu_order": 0,
        "position": "normal",
        "style": "default",
        "label_placement": "top",
        "instruction_placement": "label",
        "hide_on_screen": "",
        "active": true,
        "description": "",
        "show_in_rest": 0
    }
]